{ "results": [
	{
        "discount": 10,
        "name": "Pineapple",
        "photo": "pineapple.png",
        "price": 1.18,
        "region": "produce"
    },
	{
        "discount": 10,
        "name": "Croissants",
        "photo": "croissants.png",
        "price": 2.79,
        "region": "grocery"
    },
	{
        "discount": 20,
        "name": "Brach's Jelly Beans",
        "photo": null,
        "price": 2.21,
        "region": "grocery"
    },
	{
        "discount": 20,
        "name": "Dial Soap",
        "photo": "jelly_beans.png",
        "price": 2.99,
        "region": "lifestyle"
    },
	{
        "discount": 10,
        "name": "Oranges",
        "photo": "oranges.png",
        "price": 0.89,
        "region": "produce"
    },
	{
        "discount": 15,
        "name": "Scotch Brite Sponges",
        "photo": "scotch_brite_sponges.png",
        "price": 5.89,
        "region": "lifestyle"
    },
	{
        "discount": 15,
        "name": "Fresh Express Lettuce",
        "photo": "lettuce.jpg",
        "price": 3.69,
        "region": "produce"
    },
	{
        "discount": 15,
        "name": "Coca Cola",
        "photo": "cocacola.png",
        "price": 6.99,
        "region": "grocery"
    },
	{
        "discount": 10,
        "name": "Gatorade",
        "photo": "gatorade.png",
        "price": 3.89,
        "region": "grocery"
    },
	{
        "discount": 10,
        "name": "Organix Conditioner",
        "photo": "organix_conditioner.png",
        "price": 13.46,
        "region": "lifestyle"
    },
	{
        "discount": 10,
        "name": "Spinach",
        "photo": "spinach.png",
        "price": 1.23,
        "region": "produce"
    },
	{
        "discount": 15,
        "name": "Cranberry Cocktail",
        "photo": "cranberry_cocktail.png",
        "price": 1.89,
        "region": "grocery"
    },
	{
        "discount": 20,
        "name": "Milk",
        "photo": "milk.jpg",
        "price": 10.5,
        "region": "grocery"
    },
	{
        "discount": 15,
        "name": "HI-C Fruit Punch",
        "photo": "hi_c_fruitpunch.png",
        "price": 4.67,
        "region": "grocery"
    },
	{
        "discount": 10,
        "name": "Nectarines",
        "photo": "fresh_nectarines.png",
        "price": 3.67,
        "region": "produce"
    },
	{
        "discount": 10,
        "name": "Fresh Seedless Whole Watermelon",
        "photo": "watermellon.jpg",
        "price": 6.99,
        "region": "produce"
    },
	{
        "discount": 15,
        "name": "US Weekly",
        "photo": "us_weekly.png",
        "price": 4.99,
        "region": "lifestyle"
    }
] }